<eagle version="6.1"><drawing><settings><setting alwaysvectorfont="no" verticaltext="up"/></settings><grid distance="0.1" unitdist="inch" unit="inch" style="lines" multiple="1" display="no" altdistance="0.01" altunitdist="inch" altunit="inch"/><layers><layer number="91" name="Nets" color="2" fill="1" visible="yes" active="yes"/><layer number="92" name="Busses" color="1" fill="1" visible="yes" active="yes"/><layer number="93" name="Pins" color="2" fill="1" visible="no" active="yes"/><layer number="94" name="Symbols" color="4" fill="1" visible="yes" active="yes"/><layer number="95" name="Names" color="7" fill="1" visible="yes" active="yes"/><layer number="96" name="Values" color="7" fill="1" visible="yes" active="yes"/><layer number="97" name="Info" color="7" fill="1" visible="yes" active="yes"/><layer number="98" name="Guide" color="6" fill="1" visible="yes" active="yes"/></layers><schematic><libraries><library name="AcceleratedDesigns_Lib"><packages><package name="EUV4"><pad name="1" drill="0" y="4.7625" x="-9.525"/><pad name="4" drill="0" y="4.7625" x="9.525"/><pad name="2" drill="0" y="-1.5875" x="-9.525"/><pad name="3" drill="0" y="-4.7625" x="9.525"/></package></packages><symbols><symbol name="PTN04050CAS@1"><pin name="VI@2" x="0" y="0" rot="MR180" direction="in" length="middle" visible="both" swaplevel="0"/><pin name="VOADJUST@3" x="0" y="-2.54" rot="MR180" direction="in" length="middle" visible="both" swaplevel="0"/><pin name="GND@1" x="0" y="-12.7" rot="MR180" direction="pwr" length="middle" visible="both" swaplevel="0"/><pin name="VO@4" x="45.72" y="0" rot="MR0" direction="out" length="middle" visible="both" swaplevel="0"/><wire x1="7.62" y1="5.08" x2="7.62" y2="-17.78" width="0.127" layer="94"/><wire x1="7.62" y1="-17.78" x2="38.1" y2="-17.78" width="0.127" layer="94"/><wire x1="38.1" y1="-17.78" x2="38.1" y2="5.08" width="0.127" layer="94"/><wire x1="38.1" y1="5.08" x2="7.62" y2="5.08" width="0.127" layer="94"/><text size="2" x="22.86" y="10.16" layer="95" align="center">&gt;NAME</text><text size="2" x="22.86" y="7.62" layer="96" align="center">&gt;VALUE</text></symbol></symbols><devicesets><deviceset name="PTN04050CAS" prefix="U"><gates><gate name="1" addlevel="always" y="0" x="0" symbol="PTN04050CAS@1"/></gates><devices><device name="PTN04050CAS" package="EUV4"><connects><connect pad="1" pin="GND@1" gate="1"/><connect pad="2" pin="VI@2" gate="1"/><connect pad="3" pin="VOADJUST@3" gate="1"/><connect pad="4" pin="VO@4" gate="1"/></connects><technologies><technology name=""><attribute name="Manufacturer_Part_Number" value="PTN04050CAS" constant="no"/><attribute name="Vendor" value="Texas Instruments" constant="no"/></technology></technologies></device></devices></deviceset></devicesets></library></libraries><attributes/><variantdefs/><classes><class number="0" name="default" width="0" drill="0"/></classes><parts/><sheets/></schematic></drawing></eagle>
