<eagle version="6.1"><drawing><settings><setting alwaysvectorfont="no" verticaltext="up"/></settings><grid distance="0.1" unitdist="inch" unit="inch" style="lines" multiple="1" display="no" altdistance="0.01" altunitdist="inch" altunit="inch"/><layers><layer number="91" name="Nets" color="2" fill="1" visible="yes" active="yes"/><layer number="92" name="Busses" color="1" fill="1" visible="yes" active="yes"/><layer number="93" name="Pins" color="2" fill="1" visible="no" active="yes"/><layer number="94" name="Symbols" color="4" fill="1" visible="yes" active="yes"/><layer number="95" name="Names" color="7" fill="1" visible="yes" active="yes"/><layer number="96" name="Values" color="7" fill="1" visible="yes" active="yes"/><layer number="97" name="Info" color="7" fill="1" visible="yes" active="yes"/><layer number="98" name="Guide" color="6" fill="1" visible="yes" active="yes"/></layers><schematic><libraries><library name="AcceleratedDesigns_Lib"><packages><package name="DDC5"><pad name="1" drill="0" y="0.95" x="-1.0922"/><pad name="2" drill="0" y="0" x="-1.0922"/><pad name="3" drill="0" y="-0.95" x="-1.0922"/><pad name="4" drill="0" y="-0.95" x="1.0922"/><pad name="5" drill="0" y="0.95" x="1.0922"/></package><package name="DDC5-M"><pad name="1" drill="0" y="0.95" x="-1.143"/><pad name="2" drill="0" y="0" x="-1.143"/><pad name="3" drill="0" y="-0.95" x="-1.143"/><pad name="4" drill="0" y="-0.95" x="1.143"/><pad name="5" drill="0" y="0.95" x="1.143"/></package><package name="DDC5-L"><pad name="1" drill="0" y="0.95" x="-1.0414"/><pad name="2" drill="0" y="0" x="-1.0414"/><pad name="3" drill="0" y="-0.95" x="-1.0414"/><pad name="4" drill="0" y="-0.95" x="1.0414"/><pad name="5" drill="0" y="0.95" x="1.0414"/></package></packages><symbols><symbol name="TPS79933DDCR@1"><pin name="IN@1" x="0" y="0" rot="MR180" direction="in" length="middle" visible="both" swaplevel="0"/><pin name="EN@3" x="0" y="-5.08" rot="MR180" direction="pas" length="middle" visible="both" swaplevel="0"/><pin name="NR@4" x="0" y="-7.62" rot="MR180" direction="pas" length="middle" visible="both" swaplevel="0"/><pin name="OUT@5" x="40.64" y="0" rot="MR0" direction="out" length="middle" visible="both" swaplevel="0"/><pin name="GND@2" x="40.64" y="-10.16" rot="MR0" direction="pwr" length="middle" visible="both" swaplevel="0"/><wire x1="7.62" y1="5.08" x2="7.62" y2="-15.24" width="0.127" layer="94"/><wire x1="7.62" y1="-15.24" x2="33.02" y2="-15.24" width="0.127" layer="94"/><wire x1="33.02" y1="-15.24" x2="33.02" y2="5.08" width="0.127" layer="94"/><wire x1="33.02" y1="5.08" x2="7.62" y2="5.08" width="0.127" layer="94"/><text size="2" x="20.32" y="10.16" layer="95" align="center">&gt;NAME</text><text size="2" x="20.32" y="7.62" layer="96" align="center">&gt;VALUE</text></symbol></symbols><devicesets><deviceset name="TPS79933DDCR" prefix="U"><gates><gate name="1" addlevel="always" y="0" x="0" symbol="TPS79933DDCR@1"/></gates><devices><device name="TPS79933DDCR" package="DDC5"><connects><connect pad="1" pin="IN@1" gate="1"/><connect pad="2" pin="GND@2" gate="1"/><connect pad="3" pin="EN@3" gate="1"/><connect pad="4" pin="NR@4" gate="1"/><connect pad="5" pin="OUT@5" gate="1"/></connects><technologies><technology name=""><attribute name="Manufacturer_Part_Number" value="TPS79933DDCR" constant="no"/><attribute name="Vendor" value="Texas Instruments" constant="no"/></technology></technologies></device></devices></deviceset></devicesets></library></libraries><attributes/><variantdefs/><classes><class number="0" name="default" width="0" drill="0"/></classes><parts/><sheets/></schematic></drawing></eagle>
