<eagle version="6.1"><drawing><settings><setting alwaysvectorfont="no" verticaltext="up"/></settings><grid distance="0.1" unitdist="inch" unit="inch" style="lines" multiple="1" display="no" altdistance="0.01" altunitdist="inch" altunit="inch"/><layers><layer number="91" name="Nets" color="2" fill="1" visible="yes" active="yes"/><layer number="92" name="Busses" color="1" fill="1" visible="yes" active="yes"/><layer number="93" name="Pins" color="2" fill="1" visible="no" active="yes"/><layer number="94" name="Symbols" color="4" fill="1" visible="yes" active="yes"/><layer number="95" name="Names" color="7" fill="1" visible="yes" active="yes"/><layer number="96" name="Values" color="7" fill="1" visible="yes" active="yes"/><layer number="97" name="Info" color="7" fill="1" visible="yes" active="yes"/><layer number="98" name="Guide" color="6" fill="1" visible="yes" active="yes"/></layers><schematic><libraries><library name="AcceleratedDesigns_Lib"><packages><package name="PWP14"><pad name="1" drill="0" y="1.95" x="-2.8194"/><pad name="2" drill="0" y="1.3" x="-2.8194"/><pad name="3" drill="0" y="0.65" x="-2.8194"/><pad name="4" drill="0" y="0" x="-2.8194"/><pad name="5" drill="0" y="-0.65" x="-2.8194"/><pad name="6" drill="0" y="-1.3" x="-2.8194"/><pad name="7" drill="0" y="-1.95" x="-2.8194"/><pad name="8" drill="0" y="-1.95" x="2.8194"/><pad name="9" drill="0" y="-1.3" x="2.8194"/><pad name="10" drill="0" y="-0.65" x="2.8194"/><pad name="11" drill="0" y="0" x="2.8194"/><pad name="12" drill="0" y="0.65" x="2.8194"/><pad name="13" drill="0" y="1.3" x="2.8194"/><pad name="14" drill="0" y="1.95" x="2.8194"/><pad name="15" drill="0" y="0" x="0"/></package><package name="PWP14-M"><pad name="1" drill="0" y="1.95" x="-2.8702"/><pad name="2" drill="0" y="1.3" x="-2.8702"/><pad name="3" drill="0" y="0.65" x="-2.8702"/><pad name="4" drill="0" y="0" x="-2.8702"/><pad name="5" drill="0" y="-0.65" x="-2.8702"/><pad name="6" drill="0" y="-1.3" x="-2.8702"/><pad name="7" drill="0" y="-1.95" x="-2.8702"/><pad name="8" drill="0" y="-1.95" x="2.8702"/><pad name="9" drill="0" y="-1.3" x="2.8702"/><pad name="10" drill="0" y="-0.65" x="2.8702"/><pad name="11" drill="0" y="0" x="2.8702"/><pad name="12" drill="0" y="0.65" x="2.8702"/><pad name="13" drill="0" y="1.3" x="2.8702"/><pad name="14" drill="0" y="1.95" x="2.8702"/><pad name="15" drill="0" y="0" x="0"/></package><package name="PWP14-L"><pad name="1" drill="0" y="1.95" x="-2.7686"/><pad name="2" drill="0" y="1.3" x="-2.7686"/><pad name="3" drill="0" y="0.65" x="-2.7686"/><pad name="4" drill="0" y="0" x="-2.7686"/><pad name="5" drill="0" y="-0.65" x="-2.7686"/><pad name="6" drill="0" y="-1.3" x="-2.7686"/><pad name="7" drill="0" y="-1.95" x="-2.7686"/><pad name="8" drill="0" y="-1.95" x="2.7686"/><pad name="9" drill="0" y="-1.3" x="2.7686"/><pad name="10" drill="0" y="-0.65" x="2.7686"/><pad name="11" drill="0" y="0" x="2.7686"/><pad name="12" drill="0" y="0.65" x="2.7686"/><pad name="13" drill="0" y="1.3" x="2.7686"/><pad name="14" drill="0" y="1.95" x="2.7686"/><pad name="15" drill="0" y="0" x="0"/></package></packages><symbols><symbol name="TPS55340PWP@1"><pin name="VIN@3" x="0" y="0" rot="MR180" direction="in" length="middle" visible="both" swaplevel="0"/><pin name="COMP@8" x="0" y="-5.08" rot="MR180" direction="pas" length="middle" visible="both" swaplevel="0"/><pin name="EN@4" x="0" y="-7.62" rot="MR180" direction="pas" length="middle" visible="both" swaplevel="0"/><pin name="EPAD@15" x="0" y="-10.16" rot="MR180" direction="pas" length="middle" visible="both" swaplevel="0"/><pin name="FB@9" x="0" y="-12.7" rot="MR180" direction="pas" length="middle" visible="both" swaplevel="0"/><pin name="FREQ@10" x="0" y="-15.24" rot="MR180" direction="pas" length="middle" visible="both" swaplevel="0"/><pin name="SS@5" x="0" y="-17.78" rot="MR180" direction="pas" length="middle" visible="both" swaplevel="0"/><pin name="SYNC@6" x="0" y="-20.32" rot="MR180" direction="pas" length="middle" visible="both" swaplevel="0"/><pin name="NC@11" x="0" y="-25.4" rot="MR180" direction="nc" length="middle" visible="both" swaplevel="0"/><pin name="SW@1" x="40.64" y="-2.54" rot="MR0" direction="pas" length="middle" visible="both" swaplevel="0"/><pin name="SW@2" x="40.64" y="-5.08" rot="MR0" direction="pas" length="middle" visible="both" swaplevel="0"/><pin name="AGND@7" x="40.64" y="-15.24" rot="MR0" direction="pwr" length="middle" visible="both" swaplevel="0"/><pin name="PGND@12" x="40.64" y="-17.78" rot="MR0" direction="pwr" length="middle" visible="both" swaplevel="0"/><pin name="PGND@13" x="40.64" y="-20.32" rot="MR0" direction="pwr" length="middle" visible="both" swaplevel="0"/><pin name="PGND@14" x="40.64" y="-22.86" rot="MR0" direction="pwr" length="middle" visible="both" swaplevel="0"/><wire x1="7.62" y1="5.08" x2="7.62" y2="-30.48" width="0.127" layer="94"/><wire x1="7.62" y1="-30.48" x2="33.02" y2="-30.48" width="0.127" layer="94"/><wire x1="33.02" y1="-30.48" x2="33.02" y2="5.08" width="0.127" layer="94"/><wire x1="33.02" y1="5.08" x2="7.62" y2="5.08" width="0.127" layer="94"/><text size="2" x="20.32" y="10.16" layer="95" align="center">&gt;NAME</text><text size="2" x="20.32" y="7.62" layer="96" align="center">&gt;VALUE</text></symbol></symbols><devicesets><deviceset name="TPS55340PWP" prefix="U"><gates><gate name="1" addlevel="always" y="0" x="0" symbol="TPS55340PWP@1"/></gates><devices><device name="TPS55340PWP" package="PWP14"><connects><connect pad="1" pin="SW@1" gate="1"/><connect pad="2" pin="SW@2" gate="1"/><connect pad="3" pin="VIN@3" gate="1"/><connect pad="4" pin="EN@4" gate="1"/><connect pad="5" pin="SS@5" gate="1"/><connect pad="6" pin="SYNC@6" gate="1"/><connect pad="7" pin="AGND@7" gate="1"/><connect pad="8" pin="COMP@8" gate="1"/><connect pad="9" pin="FB@9" gate="1"/><connect pad="10" pin="FREQ@10" gate="1"/><connect pad="11" pin="NC@11" gate="1"/><connect pad="12" pin="PGND@12" gate="1"/><connect pad="13" pin="PGND@13" gate="1"/><connect pad="14" pin="PGND@14" gate="1"/><connect pad="15" pin="EPAD@15" gate="1"/></connects><technologies><technology name=""><attribute name="Manufacturer_Part_Number" value="TPS55340PWP" constant="no"/><attribute name="Vendor" value="Texas Instruments" constant="no"/></technology></technologies></device></devices></deviceset></devicesets></library></libraries><attributes/><variantdefs/><classes><class number="0" name="default" width="0" drill="0"/></classes><parts/><sheets/></schematic></drawing></eagle>
