<eagle version="6.1"><drawing><settings><setting alwaysvectorfont="no" verticaltext="up"/></settings><grid distance="0.1" unitdist="inch" unit="inch" style="lines" multiple="1" display="no" altdistance="0.01" altunitdist="inch" altunit="inch"/><layers><layer number="91" name="Nets" color="2" fill="1" visible="yes" active="yes"/><layer number="92" name="Busses" color="1" fill="1" visible="yes" active="yes"/><layer number="93" name="Pins" color="2" fill="1" visible="no" active="yes"/><layer number="94" name="Symbols" color="4" fill="1" visible="yes" active="yes"/><layer number="95" name="Names" color="7" fill="1" visible="yes" active="yes"/><layer number="96" name="Values" color="7" fill="1" visible="yes" active="yes"/><layer number="97" name="Info" color="7" fill="1" visible="yes" active="yes"/><layer number="98" name="Guide" color="6" fill="1" visible="yes" active="yes"/></layers><schematic><libraries><library name="AcceleratedDesigns_Lib"><packages><package name="0805"><pad name="1" drill="0" y="0" x="-0.9017"/><pad name="2" drill="0" y="0" x="0.9017"/></package><package name="1210"><pad name="1" drill="0" y="0" x="-1.4986"/><pad name="2" drill="0" y="0" x="1.4986"/></package><package name="0201"><pad name="1" drill="0" y="0" x="-0.2921"/><pad name="2" drill="0" y="0" x="0.2921"/></package><package name="DPAK"><pad name="1" drill="0" y="-5.45" x="-2.28"/><pad name="2" drill="0" y="0.1524" x="0"/><pad name="3" drill="0" y="-5.45" x="2.28"/></package><package name="XAL5030"><pad name="1" drill="0" y="0" x="-1.651"/><pad name="2" drill="0" y="0" x="1.651"/></package><package name="0402"><pad name="1" drill="0" y="0" x="-0.4191"/><pad name="2" drill="0" y="0" x="0.4191"/></package><package name="S-PWQFN-N16"><pad name="1" drill="0" y="0.75" x="-1.25"/><pad name="2" drill="0" y="0.25" x="-1.25"/><pad name="3" drill="0" y="-0.25" x="-1.25"/><pad name="4" drill="0" y="-0.75" x="-1.25"/><pad name="5" drill="0" y="-1.25" x="-0.75"/><pad name="6" drill="0" y="-1.25" x="-0.25"/><pad name="7" drill="0" y="-1.25" x="0.25"/><pad name="8" drill="0" y="-1.25" x="0.75"/><pad name="9" drill="0" y="-0.75" x="1.25"/><pad name="10" drill="0" y="-0.25" x="1.25"/><pad name="11" drill="0" y="0.25" x="1.25"/><pad name="12" drill="0" y="0.75" x="1.25"/><pad name="13" drill="0" y="1.25" x="0.75"/><pad name="14" drill="0" y="1.25" x="0.25"/><pad name="15" drill="0" y="1.25" x="-0.25"/><pad name="16" drill="0" y="1.25" x="-0.75"/><pad name="17" drill="0" y="0" x="0"/></package><package name="0603"><pad name="1" drill="0" y="0" x="-0.6985"/><pad name="2" drill="0" y="0" x="0.6985"/></package><package name="WB_CURRENT_LOAD"><pad name="1" drill="0" y="0" x="0"/><pad name="2" drill="0" y="0" x="0"/></package><package name="WB_GND"><pad name="1" drill="0" y="0" x="0"/></package><package name="WB_BATTERY"><pad name="1" drill="0" y="0" x="0"/><pad name="2" drill="0" y="0" x="0"/></package></packages><symbols><symbol name="08053C104JAZ2A@1"><pin name="1@1" x="7.62" y="0" rot="MR0" direction="pas" length="short" visible="off" swaplevel="0"/><pin name="2@2" x="-7.62" y="0" rot="MR180" direction="pas" length="short" visible="off" swaplevel="0"/><wire x1="7.62" y1="0" x2="5.08" y2="0" width="0.1524" layer="94"/><wire x1="-7.62" y1="0" x2="-5.08" y2="0" width="0.1524" layer="94"/><wire x1="0.762" y1="-3.048" x2="0.762" y2="3.048" width="0.1524" layer="94"/><wire x1="-5.08" y1="0" x2="-0.762" y2="0" width="0.1524" layer="94"/><wire x1="0.762" y1="0" x2="5.08" y2="0" width="0.1524" layer="94"/><wire x1="-0.762" y1="-3.048" x2="-0.762" y2="3.048" width="0.1524" layer="94"/><text size="2" x="0" y="7.62" layer="95" align="center">&gt;NAME</text><text size="2" x="0" y="5.08" layer="96" align="center">&gt;VALUE</text></symbol><symbol name="GCM2195C1H103JA16D@1"><pin name="1@1" x="7.62" y="0" rot="MR0" direction="pas" length="short" visible="off" swaplevel="0"/><pin name="2@2" x="-7.62" y="0" rot="MR180" direction="pas" length="short" visible="off" swaplevel="0"/><wire x1="7.62" y1="0" x2="5.08" y2="0" width="0.1524" layer="94"/><wire x1="-7.62" y1="0" x2="-5.08" y2="0" width="0.1524" layer="94"/><wire x1="0.762" y1="-3.048" x2="0.762" y2="3.048" width="0.1524" layer="94"/><wire x1="-5.08" y1="0" x2="-0.762" y2="0" width="0.1524" layer="94"/><wire x1="0.762" y1="0" x2="5.08" y2="0" width="0.1524" layer="94"/><wire x1="-0.762" y1="-3.048" x2="-0.762" y2="3.048" width="0.1524" layer="94"/><text size="2" x="0" y="7.62" layer="95" align="center">&gt;NAME</text><text size="2" x="0" y="5.08" layer="96" align="center">&gt;VALUE</text></symbol><symbol name="WB_CURRENT_LOAD@1"><pin name="+@1" x="-7.62" y="0" rot="MR180" direction="pas" length="short" visible="off" swaplevel="0"/><pin name="-@2" x="7.62" y="0" rot="MR0" direction="pas" length="short" visible="off" swaplevel="0"/><wire cap="round" x1="-3.80144541893069" y1="6.11111003035226E-05" x2="-2.68631595182662" y2="-2.68638598005626" layer="94" curve="44.25835" width="0.1524"/><wire cap="round" x1="-2.7008340002096" y1="-2.70084492188432" x2="-3.010245531766E-05" y2="-3.82193519093877" layer="94" curve="44.8182" width="0.1524"/><wire cap="round" x1="-1.47901228405671E-05" y1="-3.81607473385618" x2="2.69671339012067" y2="-2.69667753776659" layer="94" curve="45.38076" width="0.1524"/><wire cap="round" x1="2.69020543466835" y1="-2.69018253944063" x2="3.80688023502889" y2="-1.58895406142942E-05" layer="94" curve="45.58721" width="0.1524"/><wire cap="round" x1="3.80144542387741" y1="-6.17958751984642E-05" x2="2.68631643327033" y2="2.68638549307261" layer="94" curve="44.25835" width="0.1524"/><wire cap="round" x1="2.70083237377049" y1="2.70084654561062" x2="2.78042467919214E-05" y2="3.82193519631281" layer="94" curve="44.8182" width="0.1524"/><wire cap="round" x1="1.57980194586995E-05" y1="3.81607473126472" x2="-2.69671268033746" y2="2.69667825335733" layer="94" curve="45.38076" width="0.1524"/><wire cap="round" x1="-2.69020543466835" y1="2.69018253944063" x2="-3.80688023502889" y2="1.58895406171733E-05" layer="94" curve="45.58721" width="0.1524"/><wire x1="7.62" y1="0" x2="3.81" y2="0" width="0.1524" layer="94"/><wire x1="-3.81" y1="0" x2="-7.62" y2="0" width="0.1524" layer="94"/><wire x1="0.762" y1="-1.778" x2="3.048" y2="0" width="0.1524" layer="94"/><wire x1="0.762" y1="1.778" x2="3.048" y2="0" width="0.1524" layer="94"/><wire x1="3.048" y1="0" x2="-3.048" y2="0" width="0.1524" layer="94"/></symbol><symbol name="CC0805KRX7R8BB104@1"><pin name="1@1" x="7.62" y="0" rot="MR0" direction="pas" length="short" visible="off" swaplevel="0"/><pin name="2@2" x="-7.62" y="0" rot="MR180" direction="pas" length="short" visible="off" swaplevel="0"/><wire x1="7.62" y1="0" x2="5.08" y2="0" width="0.1524" layer="94"/><wire x1="-7.62" y1="0" x2="-5.08" y2="0" width="0.1524" layer="94"/><wire x1="0.762" y1="-3.048" x2="0.762" y2="3.048" width="0.1524" layer="94"/><wire x1="-5.08" y1="0" x2="-0.762" y2="0" width="0.1524" layer="94"/><wire x1="0.762" y1="0" x2="5.08" y2="0" width="0.1524" layer="94"/><wire x1="-0.762" y1="-3.048" x2="-0.762" y2="3.048" width="0.1524" layer="94"/><text size="2" x="0" y="7.62" layer="95" align="center">&gt;NAME</text><text size="2" x="0" y="5.08" layer="96" align="center">&gt;VALUE</text></symbol><symbol name="GRM32ER61C226ME20L@1"><pin name="1@1" x="7.62" y="0" rot="MR0" direction="pas" length="short" visible="off" swaplevel="0"/><pin name="2@2" x="-7.62" y="0" rot="MR180" direction="pas" length="short" visible="off" swaplevel="0"/><wire x1="7.62" y1="0" x2="5.08" y2="0" width="0.1524" layer="94"/><wire x1="-7.62" y1="0" x2="-5.08" y2="0" width="0.1524" layer="94"/><wire x1="0.762" y1="-3.048" x2="0.762" y2="3.048" width="0.1524" layer="94"/><wire x1="-5.08" y1="0" x2="-0.762" y2="0" width="0.1524" layer="94"/><wire x1="0.762" y1="0" x2="5.08" y2="0" width="0.1524" layer="94"/><wire x1="-0.762" y1="-3.048" x2="-0.762" y2="3.048" width="0.1524" layer="94"/><text size="2" x="0" y="7.62" layer="95" align="center">&gt;NAME</text><text size="2" x="0" y="5.08" layer="96" align="center">&gt;VALUE</text></symbol><symbol name="GRM033R60J223KE01D@1"><pin name="1@1" x="7.62" y="0" rot="MR0" direction="pas" length="short" visible="off" swaplevel="0"/><pin name="2@2" x="-7.62" y="0" rot="MR180" direction="pas" length="short" visible="off" swaplevel="0"/><wire x1="7.62" y1="0" x2="5.08" y2="0" width="0.1524" layer="94"/><wire x1="-7.62" y1="0" x2="-5.08" y2="0" width="0.1524" layer="94"/><wire x1="0.762" y1="-3.048" x2="0.762" y2="3.048" width="0.1524" layer="94"/><wire x1="-5.08" y1="0" x2="-0.762" y2="0" width="0.1524" layer="94"/><wire x1="0.762" y1="0" x2="5.08" y2="0" width="0.1524" layer="94"/><wire x1="-0.762" y1="-3.048" x2="-0.762" y2="3.048" width="0.1524" layer="94"/><text size="2" x="0" y="7.62" layer="95" align="center">&gt;NAME</text><text size="2" x="0" y="5.08" layer="96" align="center">&gt;VALUE</text></symbol><symbol name="MBRD835LT4G@1"><pin name="A@1" x="7.62" y="0" rot="MR0" direction="pas" length="short" visible="both" swaplevel="0"/><pin name="K@3" x="-7.62" y="0" rot="MR180" direction="pas" length="short" visible="both" swaplevel="0"/><wire x1="7.62" y1="0" x2="5.08" y2="0" width="0.1524" layer="94"/><wire x1="-7.62" y1="0" x2="-5.08" y2="0" width="0.1524" layer="94"/><wire x1="-5.08" y1="0" x2="5.08" y2="0" width="0.1524" layer="94"/><polygon width="0.1524" layer="94"><vertex x="2.032" y="2.54"/><vertex x="-2.032" y="0"/><vertex x="2.032" y="-2.54"/></polygon><wire x1="-2.032" y1="2.54" x2="-2.032" y2="-2.54" width="0.1524" layer="94"/><wire x1="-2.032" y1="2.54" x2="-2.54" y2="2.54" width="0.1524" layer="94"/><wire x1="-2.54" y1="2.54" x2="-2.54" y2="2.032" width="0.1524" layer="94"/><wire x1="-2.032" y1="-2.54" x2="-1.524" y2="-2.54" width="0.1524" layer="94"/><wire x1="-1.524" y1="-2.54" x2="-1.524" y2="-2.032" width="0.1524" layer="94"/><text size="2" x="0.465932935470053" y="9.01912941844273" layer="95" align="center">&gt;NAME</text><text size="2" x="0.106498994629834" y="6.02384657810759" layer="96" align="center">&gt;VALUE</text><pin name="A@2" x="7.62" y="0" rot="MR0" direction="pas" length="short" visible="off" swaplevel="0"/></symbol><symbol name="WB_GND@1"><pin name="1@1" x="0" y="2.54" rot="MR270" direction="pas" length="short" visible="off" swaplevel="0"/><wire x1="0" y1="2.54" x2="0" y2="0" width="0.1524" layer="94"/><wire x1="-3.302" y1="0" x2="3.302" y2="0" width="0.1524" layer="94"/><wire x1="-2.286" y1="-1.016" x2="2.286" y2="-1.016" width="0.1524" layer="94"/><wire x1="-0.762" y1="-2.032" x2="0.762" y2="-2.032" width="0.1524" layer="94"/></symbol><symbol name="XAL5030-332MEB@1"><pin name="2@2" x="7.62" y="0" rot="MR0" direction="pas" length="short" visible="off" swaplevel="0"/><pin name="1@1" x="-7.62" y="0" rot="MR180" direction="pas" length="short" visible="off" swaplevel="0"/><wire cap="round" x1="2.70086965376353" y1="0.835686125023295" x2="2.5488127292636" y2="-6.24799789495706E-04" layer="94" curve="12.47546" width="0.1524"/><wire cap="round" x1="3.80990829544782" y1="1.85597139451402" x2="2.69064524918793" y2="0.838459388755286" layer="94" curve="78.62357" width="0.1524"/><wire cap="round" x1="4.90450120907934" y1="0.838494459997258" x2="3.81012877640754" y2="1.85651641360845" layer="94" curve="79.52696" width="0.1524"/><wire cap="round" x1="5.08194212297714" y1="7.65933497371016E-02" x2="4.90412159312222" y2="0.838683789637753" layer="94" curve="2.683002" width="0.1524"/><wire x1="5.08" y1="7.32740090825246E-14" x2="7.62" y2="8.71708039085205E-14" width="0.1524" layer="94"/><wire cap="round" x1="0.160869647012591" y1="0.835686120495971" x2="8.81272251266148E-03" y2="-6.24804316819648E-04" layer="94" curve="12.47546" width="0.1524"/><wire cap="round" x1="1.26990852880952" y1="1.85597126998469" x2="0.150645552335143" y2="0.838459735984588" layer="94" curve="78.62355" width="0.1524"/><wire cap="round" x1="2.36450120579728" y1="0.838494428025542" x2="1.27012877312548" y2="1.85651638163673" layer="94" curve="79.52696" width="0.1524"/><wire cap="round" x1="2.53556331240561" y1="-0.177885354456139" x2="2.35799865867502" y2="0.83677165558159" layer="94" curve="17.67289" width="0.1524"/><wire cap="round" x1="-2.37913022471952" y1="0.835686100537919" x2="-2.53118714921945" y2="-6.24824274872179E-04" layer="94" curve="12.47546" width="0.1524"/><wire cap="round" x1="-1.27009153439261" y1="1.85597127646014" x2="-2.38935453412885" y2="0.838459585207164" layer="94" curve="78.62356" width="0.1524"/><wire cap="round" x1="-0.17549876466415" y1="0.838494473537584" x2="-1.26987119733595" y2="1.85651642714878" layer="94" curve="79.52696" width="0.1524"/><wire cap="round" x1="-4.43666361586885E-03" y1="-0.177885358125391" x2="-0.182001317346461" y2="0.836771651912338" layer="94" curve="17.67289" width="0.1524"/><wire x1="-7.62" y1="1.31748834064638E-14" x2="-5.08" y2="1.3716316971113E-14" width="0.1524" layer="94"/><wire cap="round" x1="-4.91913036648931" y1="0.835686111441321" x2="-5.07118729098924" y2="-6.2481337147006E-04" layer="94" curve="12.47546" width="0.1524"/><wire cap="round" x1="-3.81009141933233" y1="1.85597124231149" x2="-4.9293543958067" y2="0.838459708311387" layer="94" curve="78.62355" width="0.1524"/><wire cap="round" x1="-2.71549867276639" y1="0.838494472482158" x2="-3.80987126078252" y2="1.85651643468738" layer="94" curve="79.52697" width="0.1524"/><wire cap="round" x1="-2.54443665882017" y1="-0.177885354014588" x2="-2.72200131255076" y2="0.836771656023141" layer="94" curve="17.67289" width="0.1524"/><wire cap="round" x1="-2.54499763137906" y1="2.51755460236626E-03" x2="-2.54499765572502" y2="-0.180317541662839" layer="94" curve="53.47319" width="0.1524"/><wire cap="round" x1="-4.99761237348031E-03" y1="2.51757271580121E-03" x2="-4.9976367194459E-03" y2="-0.180317523549404" layer="94" curve="53.47319" width="0.1524"/><wire cap="round" x1="2.53500243197289" y1="2.51757460827418E-03" x2="2.53500238936746" y2="-0.180317485409697" layer="94" curve="53.47318" width="0.1524"/><text size="2" x="0" y="5.715" layer="95" align="center">&gt;NAME</text><text size="2" x="0" y="3.175" layer="96" align="center">&gt;VALUE</text></symbol><symbol name="CRCW0402953RFKED@1"><pin name="1@1" x="7.62" y="0" rot="MR0" direction="pas" length="short" visible="off" swaplevel="0"/><pin name="2@2" x="-7.62" y="0" rot="MR180" direction="pas" length="short" visible="off" swaplevel="0"/><wire x1="7.62" y1="0" x2="5.08" y2="0" width="0.1524" layer="94"/><wire x1="5.08" y1="0" x2="3.81" y2="1.524" width="0.1524" layer="94"/><wire x1="3.81" y1="1.524" x2="1.905" y2="-1.524" width="0.1524" layer="94"/><wire x1="1.905" y1="-1.524" x2="0" y2="1.524" width="0.1524" layer="94"/><wire x1="0" y1="1.524" x2="-1.905" y2="-1.524" width="0.1524" layer="94"/><wire x1="-1.905" y1="-1.524" x2="-3.81" y2="1.524" width="0.1524" layer="94"/><wire x1="-3.81" y1="1.524" x2="-5.08" y2="0" width="0.1524" layer="94"/><wire x1="-5.08" y1="0" x2="-7.62" y2="0" width="0.1524" layer="94"/><text size="2" x="0" y="5.715" layer="95" align="center">&gt;NAME</text><text size="2" x="0" y="3.175" layer="96" align="center">&gt;VALUE</text></symbol><symbol name="RR1220P-103-D@1"><pin name="1@1" x="7.62" y="0" rot="MR0" direction="pas" length="short" visible="off" swaplevel="0"/><pin name="2@2" x="-7.62" y="0" rot="MR180" direction="pas" length="short" visible="off" swaplevel="0"/><wire x1="7.62" y1="0" x2="5.08" y2="0" width="0.1524" layer="94"/><wire x1="5.08" y1="0" x2="3.81" y2="1.524" width="0.1524" layer="94"/><wire x1="3.81" y1="1.524" x2="1.905" y2="-1.524" width="0.1524" layer="94"/><wire x1="1.905" y1="-1.524" x2="0" y2="1.524" width="0.1524" layer="94"/><wire x1="0" y1="1.524" x2="-1.905" y2="-1.524" width="0.1524" layer="94"/><wire x1="-1.905" y1="-1.524" x2="-3.81" y2="1.524" width="0.1524" layer="94"/><wire x1="-3.81" y1="1.524" x2="-5.08" y2="0" width="0.1524" layer="94"/><wire x1="-5.08" y1="0" x2="-7.62" y2="0" width="0.1524" layer="94"/><text size="2" x="0" y="5.715" layer="95" align="center">&gt;NAME</text><text size="2" x="0" y="3.175" layer="96" align="center">&gt;VALUE</text></symbol><symbol name="CRCW040286K6FKED@1"><pin name="1@1" x="7.62" y="0" rot="MR0" direction="pas" length="short" visible="off" swaplevel="0"/><pin name="2@2" x="-7.62" y="0" rot="MR180" direction="pas" length="short" visible="off" swaplevel="0"/><wire x1="7.62" y1="0" x2="5.08" y2="0" width="0.1524" layer="94"/><wire x1="5.08" y1="0" x2="3.81" y2="1.524" width="0.1524" layer="94"/><wire x1="3.81" y1="1.524" x2="1.905" y2="-1.524" width="0.1524" layer="94"/><wire x1="1.905" y1="-1.524" x2="0" y2="1.524" width="0.1524" layer="94"/><wire x1="0" y1="1.524" x2="-1.905" y2="-1.524" width="0.1524" layer="94"/><wire x1="-1.905" y1="-1.524" x2="-3.81" y2="1.524" width="0.1524" layer="94"/><wire x1="-3.81" y1="1.524" x2="-5.08" y2="0" width="0.1524" layer="94"/><wire x1="-5.08" y1="0" x2="-7.62" y2="0" width="0.1524" layer="94"/><text size="2" x="0" y="5.715" layer="95" align="center">&gt;NAME</text><text size="2" x="0" y="3.175" layer="96" align="center">&gt;VALUE</text></symbol><symbol name="CRCW040260K4FKED@1"><pin name="1@1" x="7.62" y="0" rot="MR0" direction="pas" length="short" visible="off" swaplevel="0"/><pin name="2@2" x="-7.62" y="0" rot="MR180" direction="pas" length="short" visible="off" swaplevel="0"/><wire x1="7.62" y1="0" x2="5.08" y2="0" width="0.1524" layer="94"/><wire x1="5.08" y1="0" x2="3.81" y2="1.524" width="0.1524" layer="94"/><wire x1="3.81" y1="1.524" x2="1.905" y2="-1.524" width="0.1524" layer="94"/><wire x1="1.905" y1="-1.524" x2="0" y2="1.524" width="0.1524" layer="94"/><wire x1="0" y1="1.524" x2="-1.905" y2="-1.524" width="0.1524" layer="94"/><wire x1="-1.905" y1="-1.524" x2="-3.81" y2="1.524" width="0.1524" layer="94"/><wire x1="-3.81" y1="1.524" x2="-5.08" y2="0" width="0.1524" layer="94"/><wire x1="-5.08" y1="0" x2="-7.62" y2="0" width="0.1524" layer="94"/><text size="2" x="0" y="5.715" layer="95" align="center">&gt;NAME</text><text size="2" x="0" y="3.175" layer="96" align="center">&gt;VALUE</text></symbol><symbol name="TPS55340RTER@1"><pin name="SW@1" x="17.78" y="12.7" rot="MR0" direction="pas" length="short" visible="both" swaplevel="0"/><pin name="VIN@4" x="-17.78" y="12.7" rot="MR180" direction="pas" length="short" visible="both" swaplevel="0"/><pin name="EN@5" x="-17.78" y="7.62" rot="MR180" direction="pas" length="short" visible="both" swaplevel="0"/><pin name="SS@6" x="-17.78" y="-10.16" rot="MR180" direction="pas" length="short" visible="both" swaplevel="0"/><pin name="SYNC@7" x="10.16" y="-19.05" rot="MR90" direction="pas" length="short" visible="both" swaplevel="0"/><pin name="AGND@8" x="-10.16" y="-19.05" rot="MR90" direction="pas" length="short" visible="both" swaplevel="0"/><pin name="COMP@9" x="17.78" y="0" rot="MR0" direction="pas" length="short" visible="both" swaplevel="0"/><pin name="FB@10" x="17.78" y="7.62" rot="MR0" direction="pas" length="short" visible="both" swaplevel="0"/><pin name="FREQ@11" x="-17.78" y="2.54" rot="MR180" direction="pas" length="short" visible="both" swaplevel="0"/><pin name="PGND@12" x="0" y="-19.05" rot="MR90" direction="pas" length="short" visible="both" swaplevel="0"/><pin name="DNC@17" x="-17.78" y="-6.35" rot="MR180" direction="pas" length="short" visible="both" swaplevel="0"/><wire x1="-15.24" y1="16.51" x2="15.24" y2="16.51" width="0.1524" layer="94"/><wire x1="15.24" y1="16.51" x2="15.24" y2="-16.51" width="0.1524" layer="94"/><wire x1="15.24" y1="-16.51" x2="-15.24" y2="-16.51" width="0.1524" layer="94"/><wire x1="-15.24" y1="-16.51" x2="-15.24" y2="16.51" width="0.1524" layer="94"/><wire x1="17.78" y1="12.7" x2="15.24" y2="12.7" width="0.1524" layer="94"/><wire x1="-17.78" y1="12.7" x2="-15.24" y2="12.7" width="0.1524" layer="94"/><wire x1="-17.78" y1="7.62" x2="-15.24" y2="7.62" width="0.1524" layer="94"/><wire x1="-17.78" y1="-10.16" x2="-15.24" y2="-10.16" width="0.1524" layer="94"/><wire x1="10.16" y1="-19.05" x2="10.16" y2="-16.51" width="0.1524" layer="94"/><wire x1="-10.16" y1="-19.05" x2="-10.16" y2="-16.51" width="0.1524" layer="94"/><wire x1="17.78" y1="0" x2="15.24" y2="0" width="0.1524" layer="94"/><wire x1="17.78" y1="7.62" x2="15.24" y2="7.62" width="0.1524" layer="94"/><wire x1="-17.78" y1="2.54" x2="-15.24" y2="2.54" width="0.1524" layer="94"/><wire x1="0" y1="-19.05" x2="0" y2="-16.51" width="0.1524" layer="94"/><wire x1="-17.78" y1="-6.35" x2="-15.24" y2="-6.35" width="0.1524" layer="94"/><text size="2" x="0.473230855539972" y="5.17762791023843" layer="95" align="center">&gt;NAME</text><text size="2" x="-0.165010939691444" y="-2.12669485741001" layer="96" align="center">&gt;VALUE</text><pin name="SW@2" x="17.78" y="12.7" rot="MR0" direction="pas" length="short" visible="off" swaplevel="0"/><pin name="SW@3" x="17.78" y="12.7" rot="MR0" direction="pas" length="short" visible="off" swaplevel="0"/><pin name="PGND@13" x="0" y="-19.05" rot="MR90" direction="pas" length="short" visible="off" swaplevel="0"/><pin name="PGND@14" x="0" y="-19.05" rot="MR90" direction="pas" length="short" visible="off" swaplevel="0"/><pin name="ETPAD@15" x="0" y="-19.05" rot="MR90" direction="pas" length="short" visible="off" swaplevel="0"/><pin name="DNC@16" x="-17.78" y="-6.35" rot="MR180" direction="pas" length="short" visible="off" swaplevel="0"/></symbol><symbol name="EMK107B7105KA-T@1"><pin name="1@1" x="7.62" y="0" rot="MR0" direction="pas" length="short" visible="off" swaplevel="0"/><pin name="2@2" x="-7.62" y="0" rot="MR180" direction="pas" length="short" visible="off" swaplevel="0"/><wire x1="7.62" y1="0" x2="5.08" y2="0" width="0.1524" layer="94"/><wire x1="-7.62" y1="0" x2="-5.08" y2="0" width="0.1524" layer="94"/><wire x1="0.762" y1="-3.048" x2="0.762" y2="3.048" width="0.1524" layer="94"/><wire x1="-5.08" y1="0" x2="-0.762" y2="0" width="0.1524" layer="94"/><wire x1="0.762" y1="0" x2="5.08" y2="0" width="0.1524" layer="94"/><wire x1="-0.762" y1="-3.048" x2="-0.762" y2="3.048" width="0.1524" layer="94"/><text size="2" x="0" y="7.62" layer="95" align="center">&gt;NAME</text><text size="2" x="0" y="5.08" layer="96" align="center">&gt;VALUE</text></symbol><symbol name="WB_BATTERY@1"><pin name="+@1" x="-7.62" y="0" rot="MR180" direction="pas" length="short" visible="off" swaplevel="0"/><pin name="-@2" x="7.62" y="0" rot="MR0" direction="pas" length="short" visible="off" swaplevel="0"/><wire x1="-2.032" y1="0" x2="-7.62" y2="0" width="0.1524" layer="94"/><wire x1="-1.778" y1="-3.048" x2="-1.778" y2="3.048" width="0.1524" layer="94"/><wire x1="1.016" y1="-3.048" x2="1.016" y2="3.048" width="0.1524" layer="94"/><wire x1="7.62" y1="0" x2="2.794" y2="0" width="0.1524" layer="94"/><wire x1="-0.508" y1="-1.27" x2="-0.508" y2="1.27" width="0.1524" layer="94"/><wire x1="-0.254" y1="-1.27" x2="-0.254" y2="1.27" width="0.1524" layer="94"/><wire x1="-3.556" y1="2.286" x2="-3.556" y2="3.81" width="0.1524" layer="94"/><wire x1="-2.794" y1="3.048" x2="-4.318" y2="3.048" width="0.1524" layer="94"/><wire x1="3.302" y1="2.54" x2="3.302" y2="3.81" width="0.1524" layer="94"/><wire x1="2.54" y1="-1.27" x2="2.54" y2="1.27" width="0.1524" layer="94"/><wire x1="2.286" y1="-1.27" x2="2.286" y2="1.27" width="0.1524" layer="94"/><text size="2" x="0" y="5.08" layer="95" align="center">&gt;NAME</text></symbol><symbol name="GRM219R61A106KE44D@1"><pin name="1@1" x="7.62" y="0" rot="MR0" direction="pas" length="short" visible="off" swaplevel="0"/><pin name="2@2" x="-7.62" y="0" rot="MR180" direction="pas" length="short" visible="off" swaplevel="0"/><wire x1="7.62" y1="0" x2="5.08" y2="0" width="0.1524" layer="94"/><wire x1="-7.62" y1="0" x2="-5.08" y2="0" width="0.1524" layer="94"/><wire x1="0.762" y1="-3.048" x2="0.762" y2="3.048" width="0.1524" layer="94"/><wire x1="-5.08" y1="0" x2="-0.762" y2="0" width="0.1524" layer="94"/><wire x1="0.762" y1="0" x2="5.08" y2="0" width="0.1524" layer="94"/><wire x1="-0.762" y1="-3.048" x2="-0.762" y2="3.048" width="0.1524" layer="94"/><text size="2" x="0" y="7.62" layer="95" align="center">&gt;NAME</text><text size="2" x="0" y="5.08" layer="96" align="center">&gt;VALUE</text></symbol></symbols><devicesets><deviceset name="08053C104JAZ2A" prefix=""><gates><gate name="1" addlevel="always" y="0" x="0" symbol="08053C104JAZ2A@1"/></gates><devices><device name="08053C104JAZ2A" package="0805"><connects><connect pad="1" pin="1@1" gate="1"/><connect pad="2" pin="2@2" gate="1"/></connects><technologies><technology name=""><attribute name="Datasheet_URL" value="http://catalogs.avx.com/SurfaceMount.pdf" constant="no"/><attribute name="Cap" value="1.0E-7" constant="no"/><attribute name="ESR" value="0.0" constant="no"/><attribute name="IRMS" value="0.0" constant="no"/><attribute name="VDC" value="25.0" constant="no"/><attribute name="Manufacturer_Part_Number" value="08053C104JAZ2A" constant="no"/><attribute name="Vendor" value="AVX" constant="no"/><attribute name="Manufacturer_Name" value="AVX" constant="no"/></technology></technologies></device></devices></deviceset><deviceset name="GCM2195C1H103JA16D" prefix=""><gates><gate name="1" addlevel="always" y="0" x="0" symbol="GCM2195C1H103JA16D@1"/></gates><devices><device name="GCM2195C1H103JA16D" package="0805"><connects><connect pad="1" pin="1@1" gate="1"/><connect pad="2" pin="2@2" gate="1"/></connects><technologies><technology name=""><attribute name="Datasheet_URL" value="http://www.murata.com/products/catalog/pdf/c03e.pdf" constant="no"/><attribute name="Cap" value="1.0E-8" constant="no"/><attribute name="ESR" value="0.0" constant="no"/><attribute name="IRMS" value="0.0" constant="no"/><attribute name="VDC" value="50.0" constant="no"/><attribute name="Manufacturer_Part_Number" value="GCM2195C1H103JA16D" constant="no"/><attribute name="Vendor" value="MuRata" constant="no"/><attribute name="Manufacturer_Name" value="MuRata" constant="no"/></technology></technologies></device></devices></deviceset><deviceset name="WB_CURRENT_LOAD" prefix=""><gates><gate name="1" addlevel="always" y="0" x="0" symbol="WB_CURRENT_LOAD@1"/></gates><devices><device name="WB_CURRENT_LOAD" package="WB_CURRENT_LOAD"><connects><connect pad="1" pin="+@1" gate="1"/><connect pad="2" pin="-@2" gate="1"/></connects><technologies><technology name=""><attribute name="Value" value="Value" constant="no"/><attribute name="Manufacturer_Part_Number" value="WB_CURRENT_LOAD" constant="no"/><attribute name="Manufacturer_Name" value="WB_CURRENT_LOAD" constant="no"/><attribute name="PowerPortType" value="POWER_GROUND" constant="no"/></technology></technologies></device></devices></deviceset><deviceset name="CC0805KRX7R8BB104" prefix=""><gates><gate name="1" addlevel="always" y="0" x="0" symbol="CC0805KRX7R8BB104@1"/></gates><devices><device name="CC0805KRX7R8BB104" package="0805"><connects><connect pad="1" pin="1@1" gate="1"/><connect pad="2" pin="2@2" gate="1"/></connects><technologies><technology name=""><attribute name="Cap" value="1.0E-7" constant="no"/><attribute name="ESR" value="0.0" constant="no"/><attribute name="IRMS" value="0.0" constant="no"/><attribute name="VDC" value="25.0" constant="no"/><attribute name="Manufacturer_Part_Number" value="CC0805KRX7R8BB104" constant="no"/><attribute name="Vendor" value="Yageo America" constant="no"/><attribute name="Manufacturer_Name" value="Yageo America" constant="no"/></technology></technologies></device></devices></deviceset><deviceset name="GRM32ER61C226ME20L" prefix=""><gates><gate name="1" addlevel="always" y="0" x="0" symbol="GRM32ER61C226ME20L@1"/></gates><devices><device name="GRM32ER61C226ME20L" package="1210"><connects><connect pad="1" pin="1@1" gate="1"/><connect pad="2" pin="2@2" gate="1"/></connects><technologies><technology name=""><attribute name="Cap" value="2.2E-5" constant="no"/><attribute name="ESR" value="0.0020" constant="no"/><attribute name="IRMS" value="0.0" constant="no"/><attribute name="VDC" value="16.0" constant="no"/><attribute name="Manufacturer_Part_Number" value="GRM32ER61C226ME20L" constant="no"/><attribute name="Vendor" value="MuRata" constant="no"/><attribute name="Manufacturer_Name" value="MuRata" constant="no"/></technology></technologies></device></devices></deviceset><deviceset name="GRM033R60J223KE01D" prefix=""><gates><gate name="1" addlevel="always" y="0" x="0" symbol="GRM033R60J223KE01D@1"/></gates><devices><device name="GRM033R60J223KE01D" package="0201"><connects><connect pad="1" pin="1@1" gate="1"/><connect pad="2" pin="2@2" gate="1"/></connects><technologies><technology name=""><attribute name="Cap" value="2.2E-8" constant="no"/><attribute name="ESR" value="0.0" constant="no"/><attribute name="IRMS" value="0.0" constant="no"/><attribute name="VDC" value="6.3" constant="no"/><attribute name="Manufacturer_Part_Number" value="GRM033R60J223KE01D" constant="no"/><attribute name="Vendor" value="MuRata" constant="no"/><attribute name="Manufacturer_Name" value="MuRata" constant="no"/></technology></technologies></device></devices></deviceset><deviceset name="MBRD835LT4G" prefix=""><gates><gate name="1" addlevel="always" y="0" x="0" symbol="MBRD835LT4G@1"/></gates><devices><device name="MBRD835LT4G" package="DPAK"><connects><connect pad="1" pin="A@1" gate="1"/><connect pad="3" pin="A@2" gate="1"/><connect pad="2" pin="K@3" gate="1"/></connects><technologies><technology name=""><attribute name="Datasheet_URL" value="http://www.onsemi.com/pub%5Flink/Collateral/MBRD835L%2DD.PDF" constant="no"/><attribute name="Io" value="8.0" constant="no"/><attribute name="VRRM" value="35.0" constant="no"/><attribute name="VFatIo" value="0.51" constant="no"/><attribute name="Manufacturer_Part_Number" value="MBRD835LT4G" constant="no"/><attribute name="Vendor" value="ON Semiconductor" constant="no"/><attribute name="Manufacturer_Name" value="ON Semiconductor" constant="no"/></technology></technologies></device></devices></deviceset><deviceset name="WB_GND" prefix=""><gates><gate name="1" addlevel="always" y="0" x="0" symbol="WB_GND@1"/></gates><devices><device name="WB_GND" package="WB_GND"><connects><connect pad="1" pin="1@1" gate="1"/></connects><technologies><technology name=""><attribute name="Value" value="Value" constant="no"/><attribute name="Manufacturer_Part_Number" value="WB_GND" constant="no"/><attribute name="Manufacturer_Name" value="WB_GND" constant="no"/><attribute name="PowerPortType" value="POWER_GROUND" constant="no"/></technology></technologies></device></devices></deviceset><deviceset name="XAL5030-332MEB" prefix=""><gates><gate name="1" addlevel="always" y="0" x="0" symbol="XAL5030-332MEB@1"/></gates><devices><device name="XAL5030-332MEB" package="XAL5030"><connects><connect pad="1" pin="1@1" gate="1"/><connect pad="2" pin="2@2" gate="1"/></connects><technologies><technology name=""><attribute name="L" value="3.3E-6" constant="no"/><attribute name="DCR" value="0.02" constant="no"/><attribute name="IDC" value="8.1" constant="no"/><attribute name="Manufacturer_Part_Number" value="XAL5030-332MEB" constant="no"/><attribute name="Vendor" value="Coilcraft" constant="no"/><attribute name="Manufacturer_Name" value="Coilcraft" constant="no"/></technology></technologies></device></devices></deviceset><deviceset name="CRCW0402953RFKED" prefix=""><gates><gate name="1" addlevel="always" y="0" x="0" symbol="CRCW0402953RFKED@1"/></gates><devices><device name="CRCW0402953RFKED" package="0402"><connects><connect pad="1" pin="1@1" gate="1"/><connect pad="2" pin="2@2" gate="1"/></connects><technologies><technology name=""><attribute name="Resistance" value="953.0" constant="no"/><attribute name="Power" value="0.063" constant="no"/><attribute name="Tolerance" value="1.0" constant="no"/><attribute name="Manufacturer_Part_Number" value="CRCW0402953RFKED" constant="no"/><attribute name="Vendor" value="Vishay-Dale" constant="no"/><attribute name="Manufacturer_Name" value="Vishay-Dale" constant="no"/></technology></technologies></device></devices></deviceset><deviceset name="RR1220P-103-D" prefix=""><gates><gate name="1" addlevel="always" y="0" x="0" symbol="RR1220P-103-D@1"/></gates><devices><device name="RR1220P-103-D" package="0805"><connects><connect pad="1" pin="1@1" gate="1"/><connect pad="2" pin="2@2" gate="1"/></connects><technologies><technology name=""><attribute name="Resistance" value="10000.0" constant="no"/><attribute name="Power" value="0.1" constant="no"/><attribute name="Tolerance" value="0.5" constant="no"/><attribute name="Manufacturer_Part_Number" value="RR1220P-103-D" constant="no"/><attribute name="Vendor" value="Susumu Co Ltd" constant="no"/><attribute name="Manufacturer_Name" value="Susumu Co Ltd" constant="no"/></technology></technologies></device></devices></deviceset><deviceset name="CRCW040286K6FKED" prefix=""><gates><gate name="1" addlevel="always" y="0" x="0" symbol="CRCW040286K6FKED@1"/></gates><devices><device name="CRCW040286K6FKED" package="0402"><connects><connect pad="1" pin="1@1" gate="1"/><connect pad="2" pin="2@2" gate="1"/></connects><technologies><technology name=""><attribute name="Resistance" value="86600.0" constant="no"/><attribute name="Power" value="0.063" constant="no"/><attribute name="Tolerance" value="1.0" constant="no"/><attribute name="Manufacturer_Part_Number" value="CRCW040286K6FKED" constant="no"/><attribute name="Vendor" value="Vishay-Dale" constant="no"/><attribute name="Manufacturer_Name" value="Vishay-Dale" constant="no"/></technology></technologies></device></devices></deviceset><deviceset name="CRCW040260K4FKED" prefix=""><gates><gate name="1" addlevel="always" y="0" x="0" symbol="CRCW040260K4FKED@1"/></gates><devices><device name="CRCW040260K4FKED" package="0402"><connects><connect pad="1" pin="1@1" gate="1"/><connect pad="2" pin="2@2" gate="1"/></connects><technologies><technology name=""><attribute name="Resistance" value="60400.0" constant="no"/><attribute name="Power" value="0.063" constant="no"/><attribute name="Tolerance" value="1.0" constant="no"/><attribute name="Manufacturer_Part_Number" value="CRCW040260K4FKED" constant="no"/><attribute name="Vendor" value="Vishay-Dale" constant="no"/><attribute name="Manufacturer_Name" value="Vishay-Dale" constant="no"/></technology></technologies></device></devices></deviceset><deviceset name="TPS55340RTER" prefix=""><gates><gate name="1" addlevel="always" y="0" x="0" symbol="TPS55340RTER@1"/></gates><devices><device name="TPS55340RTER" package="S-PWQFN-N16"><connects><connect pad="1" pin="SW@1" gate="1"/><connect pad="15" pin="SW@2" gate="1"/><connect pad="16" pin="SW@3" gate="1"/><connect pad="2" pin="VIN@4" gate="1"/><connect pad="3" pin="EN@5" gate="1"/><connect pad="4" pin="SS@6" gate="1"/><connect pad="5" pin="SYNC@7" gate="1"/><connect pad="6" pin="AGND@8" gate="1"/><connect pad="7" pin="COMP@9" gate="1"/><connect pad="8" pin="FB@10" gate="1"/><connect pad="9" pin="FREQ@11" gate="1"/><connect pad="11" pin="PGND@12" gate="1"/><connect pad="12" pin="PGND@13" gate="1"/><connect pad="13" pin="PGND@14" gate="1"/><connect pad="17" pin="ETPAD@15" gate="1"/><connect pad="14" pin="DNC@16" gate="1"/><connect pad="10" pin="DNC@17" gate="1"/></connects><technologies><technology name=""><attribute name="Datasheet_URL" value="http://www.ti.com/product/tps55340" constant="no"/><attribute name="Frequency" value="1200000.0" constant="no"/><attribute name="Imax" value="5.0" constant="no"/><attribute name="Package" value="HTSSOP" constant="no"/><attribute name="Mktg_Package" value="HTSSOP" constant="no"/><attribute name="NSID" value="" constant="no"/><attribute name="Manufacturer_Part_Number" value="TPS55340RTER" constant="no"/><attribute name="Vendor" value="Texas Instruments" constant="no"/><attribute name="Manufacturer_Name" value="Texas Instruments" constant="no"/></technology></technologies></device></devices></deviceset><deviceset name="EMK107B7105KA-T" prefix=""><gates><gate name="1" addlevel="always" y="0" x="0" symbol="EMK107B7105KA-T@1"/></gates><devices><device name="EMK107B7105KA-T" package="0603"><connects><connect pad="1" pin="1@1" gate="1"/><connect pad="2" pin="2@2" gate="1"/></connects><technologies><technology name=""><attribute name="Cap" value="1.0E-6" constant="no"/><attribute name="ESR" value="0.0" constant="no"/><attribute name="IRMS" value="0.0" constant="no"/><attribute name="VDC" value="16.0" constant="no"/><attribute name="Manufacturer_Part_Number" value="EMK107B7105KA-T" constant="no"/><attribute name="Vendor" value="Taiyo Yuden" constant="no"/><attribute name="Manufacturer_Name" value="Taiyo Yuden" constant="no"/></technology></technologies></device></devices></deviceset><deviceset name="WB_BATTERY" prefix=""><gates><gate name="1" addlevel="always" y="0" x="0" symbol="WB_BATTERY@1"/></gates><devices><device name="WB_BATTERY" package="WB_BATTERY"><connects><connect pad="1" pin="+@1" gate="1"/><connect pad="2" pin="-@2" gate="1"/></connects><technologies><technology name=""><attribute name="Value" value="Value" constant="no"/><attribute name="Manufacturer_Part_Number" value="WB_BATTERY" constant="no"/><attribute name="Manufacturer_Name" value="WB_BATTERY" constant="no"/><attribute name="PowerPortType" value="POWER_GROUND" constant="no"/></technology></technologies></device></devices></deviceset><deviceset name="GRM219R61A106KE44D" prefix=""><gates><gate name="1" addlevel="always" y="0" x="0" symbol="GRM219R61A106KE44D@1"/></gates><devices><device name="GRM219R61A106KE44D" package="0805"><connects><connect pad="1" pin="1@1" gate="1"/><connect pad="2" pin="2@2" gate="1"/></connects><technologies><technology name=""><attribute name="Cap" value="1.0E-5" constant="no"/><attribute name="ESR" value="0.0050" constant="no"/><attribute name="IRMS" value="0.0" constant="no"/><attribute name="VDC" value="10.0" constant="no"/><attribute name="Manufacturer_Part_Number" value="GRM219R61A106KE44D" constant="no"/><attribute name="Vendor" value="MuRata" constant="no"/><attribute name="Manufacturer_Name" value="MuRata" constant="no"/></technology></technologies></device></devices></deviceset></devicesets></library></libraries><attributes/><variantdefs/><classes><class number="0" name="default" width="0" drill="0"/></classes><parts><part name="CCOMP" library="AcceleratedDesigns_Lib" device="08053C104JAZ2A" deviceset="08053C104JAZ2A" value="100nF"/><part name="CCOMP2" library="AcceleratedDesigns_Lib" device="GCM2195C1H103JA16D" deviceset="GCM2195C1H103JA16D" value="10nF"/><part name="CIN" library="AcceleratedDesigns_Lib" device="GRM219R61A106KE44D" deviceset="GRM219R61A106KE44D" value="10uF"/><part name="CINX" library="AcceleratedDesigns_Lib" device="CC0805KRX7R8BB104" deviceset="CC0805KRX7R8BB104" value="100nF"/><part name="COUT" library="AcceleratedDesigns_Lib" device="GRM32ER61C226ME20L" deviceset="GRM32ER61C226ME20L" value="22uF"/><part name="CSS" library="AcceleratedDesigns_Lib" device="GRM033R60J223KE01D" deviceset="GRM033R60J223KE01D" value="22nF"/><part name="D1" library="AcceleratedDesigns_Lib" device="MBRD835LT4G" deviceset="MBRD835LT4G" value="510mV"/><part name="GND" library="AcceleratedDesigns_Lib" device="WB_GND" deviceset="WB_GND" value="WB_GND"/><part name="L1" library="AcceleratedDesigns_Lib" device="XAL5030-332MEB" deviceset="XAL5030-332MEB" value="3.3uH"/><part name="RCOMP" library="AcceleratedDesigns_Lib" device="CRCW0402953RFKED" deviceset="CRCW0402953RFKED" value="953"/><part name="RFBB" library="AcceleratedDesigns_Lib" device="RR1220P-103-D" deviceset="RR1220P-103-D" value="10k"/><part name="RFBT" library="AcceleratedDesigns_Lib" device="CRCW040286K6FKED" deviceset="CRCW040286K6FKED" value="86.6k"/><part name="RT" library="AcceleratedDesigns_Lib" device="CRCW040260K4FKED" deviceset="CRCW040260K4FKED" value="60.4k"/><part name="U1" library="AcceleratedDesigns_Lib" device="TPS55340RTER" deviceset="TPS55340RTER" value="TPS55340RTER"/><part name="COUTX" library="AcceleratedDesigns_Lib" device="EMK107B7105KA-T" deviceset="EMK107B7105KA-T" value="1uF"/><part name="VIN" library="AcceleratedDesigns_Lib" device="WB_BATTERY" deviceset="WB_BATTERY" value="WB_BATTERY"/><part name="IOUT" library="AcceleratedDesigns_Lib" device="WB_CURRENT_LOAD" deviceset="WB_CURRENT_LOAD" value="WB_CURRENT_LOAD"/><part name="CIN_2" library="AcceleratedDesigns_Lib" device="GRM219R61A106KE44D" deviceset="GRM219R61A106KE44D" value="10uF"/><part name="CIN_3" library="AcceleratedDesigns_Lib" device="GRM219R61A106KE44D" deviceset="GRM219R61A106KE44D" value="10uF"/></parts><sheets><sheet><plain/><instances><instance part="Ccomp" gate="1" x="269.24" y="60.96" rot="R90" smashed="yes"><attribute name="NAME" x="272.288" y="65.278" size="2" layer="95" rot="R0" align="bottom-left"/><attribute name="VALUE" x="272.288" y="60.706" size="2" layer="96" rot="R0" align="bottom-left"/></instance><instance part="Ccomp2" gate="1" x="241.3" y="50.8" rot="R270" smashed="yes"><attribute name="NAME" x="244.348" y="55.118" size="2" layer="95" rot="R0" align="bottom-left"/><attribute name="VALUE" x="244.348" y="50.546" size="2" layer="96" rot="R0" align="bottom-left"/></instance><instance part="Cin" gate="1" x="57.15" y="78.74" rot="R90" smashed="yes"><attribute name="NAME" x="60.198" y="83.058" size="2" layer="95" rot="R0" align="bottom-left"/><attribute name="VALUE" x="60.198" y="78.486" size="2" layer="96" rot="R0" align="bottom-left"/></instance><instance part="Cinx" gate="1" x="128.27" y="78.74" rot="R90" smashed="yes"><attribute name="NAME" x="131.318" y="83.058" size="2" layer="95" rot="R0" align="bottom-left"/><attribute name="VALUE" x="131.318" y="78.486" size="2" layer="96" rot="R0" align="bottom-left"/></instance><instance part="Cout" gate="1" x="327.66" y="76.2" rot="R90" smashed="yes"><attribute name="NAME" x="330.708" y="80.518" size="2" layer="95" rot="R0" align="bottom-left"/><attribute name="VALUE" x="330.708" y="75.946" size="2" layer="96" rot="R0" align="bottom-left"/></instance><instance part="Css" gate="1" x="182.88" y="45.72" rot="R90" smashed="yes"><attribute name="NAME" x="185.928" y="50.038" size="2" layer="95" rot="R0" align="bottom-left"/><attribute name="VALUE" x="185.928" y="45.466" size="2" layer="96" rot="R0" align="bottom-left"/></instance><instance part="D1" gate="1" x="279.4" y="101.6" rot="R180" smashed="yes"><attribute name="NAME" x="279.4" y="107.696" size="2" layer="95" rot="R0" align="bottom-center"/><attribute name="VALUE" x="279.4" y="94.742" size="2" layer="96" rot="R0" align="bottom-center"/></instance><instance part="GND" gate="1" x="187.96" y="27.94" rot="R0" smashed="yes"><attribute name="NAME" x="187.96" y="33.528" size="2" layer="95" display="off" rot="R0" align="bottom-center"/></instance><instance part="L1" gate="1" x="229.87" y="101.6" rot="MR0" smashed="yes"><attribute name="NAME" x="229.87" y="105.918" size="2" layer="95" rot="R0" align="bottom-center"/><attribute name="VALUE" x="229.87" y="96.52" size="2" layer="96" rot="R0" align="bottom-center"/></instance><instance part="Rcomp" gate="1" x="252.73" y="73.66" rot="R0" smashed="yes"><attribute name="NAME" x="252.73" y="78.232" size="2" layer="95" rot="R0" align="bottom-center"/><attribute name="VALUE" x="252.73" y="68.326" size="2" layer="96" rot="R0" align="bottom-center"/></instance><instance part="Rfbb" gate="1" x="298.45" y="60.96" rot="R90" smashed="yes"><attribute name="NAME" x="299.974" y="63.754" size="2" layer="95" rot="R0" align="bottom-left"/><attribute name="VALUE" x="299.974" y="59.182" size="2" layer="96" rot="R0" align="bottom-left"/></instance><instance part="Rfbt" gate="1" x="298.45" y="91.44" rot="R90" smashed="yes"><attribute name="NAME" x="299.974" y="94.234" size="2" layer="95" rot="R0" align="bottom-left"/><attribute name="VALUE" x="299.974" y="89.662" size="2" layer="96" rot="R0" align="bottom-left"/></instance><instance part="Rt" gate="1" x="157.48" y="57.15" rot="R90" smashed="yes"><attribute name="NAME" x="159.004" y="59.944" size="2" layer="95" rot="R0" align="bottom-left"/><attribute name="VALUE" x="159.004" y="55.372" size="2" layer="96" rot="R0" align="bottom-left"/></instance><instance part="U1" gate="1" x="217.17" y="73.66" rot="R0" smashed="yes"><attribute name="NAME" x="217.17" y="73.66" size="2" layer="95" rot="R0" align="bottom-center"/><attribute name="TYPE" x="217.17" y="69.85" size="2" layer="96" rot="R0" align="bottom-center"/></instance><instance part="Coutx" gate="1" x="351.79" y="63.5" rot="R90" smashed="yes"><attribute name="NAME" x="354.838" y="67.818" size="2" layer="95" rot="R0" align="bottom-left"/><attribute name="VALUE" x="354.838" y="63.246" size="2" layer="96" rot="R0" align="bottom-left"/></instance><instance part="Vin" gate="1" x="29.21" y="81.28" rot="R270" smashed="yes"><attribute name="NAME" x="33.02" y="86.36" size="2" layer="95" rot="R0" align="bottom-left"/></instance><instance part="Iout" gate="1" x="378.46" y="66.04" rot="R270" smashed="yes"><attribute name="NAME" x="382.524" y="71.374" size="2" layer="95" rot="R0" align="bottom-left"/></instance><instance part="Cin_2" gate="1" x="74.93" y="78.74" rot="R90" smashed="yes"><attribute name="NAME" x="77.978" y="83.058" size="2" layer="95" rot="R0" align="bottom-left"/><attribute name="VALUE" x="77.978" y="78.486" size="2" layer="96" rot="R0" align="bottom-left"/></instance><instance part="Cin_3" gate="1" x="92.71" y="78.74" rot="R90" smashed="yes"><attribute name="NAME" x="95.758" y="83.058" size="2" layer="95" rot="R0" align="bottom-left"/><attribute name="VALUE" x="95.758" y="78.486" size="2" layer="96" rot="R0" align="bottom-left"/></instance></instances><busses/><nets><net name="6" class="0"><segment><pinref part="Ccomp" pin="1@1" gate="1"/><pinref part="Rcomp" pin="1@1" gate="1"/><wire x1="260.35" y1="73.66" x2="269.24" y2="73.66" width="0" layer="91"/><wire x1="269.24" y1="68.58" x2="269.24" y2="73.66" width="0" layer="91"/></segment></net><net name="0" class="0"><segment><pinref part="Ccomp" pin="2@2" gate="1"/><pinref part="Ccomp2" pin="1@1" gate="1"/><pinref part="Cin" pin="2@2" gate="1"/><pinref part="Cinx" pin="2@2" gate="1"/><pinref part="Cout" pin="2@2" gate="1"/><pinref part="Css" pin="2@2" gate="1"/><pinref part="GND" pin="1@1" gate="1"/><pinref part="Rfbb" pin="2@2" gate="1"/><pinref part="Rt" pin="2@2" gate="1"/><pinref part="U1" pin="AGND@8" gate="1"/><pinref part="U1" pin="PGND@12" gate="1"/><pinref part="U1" pin="PGND@13" gate="1"/><pinref part="U1" pin="PGND@14" gate="1"/><pinref part="U1" pin="ETPAD@15" gate="1"/><pinref part="Coutx" pin="2@2" gate="1"/><pinref part="Vin" pin="-@2" gate="1"/><pinref part="Iout" pin="-@2" gate="1"/><pinref part="Cin_2" pin="2@2" gate="1"/><pinref part="Cin_3" pin="2@2" gate="1"/><wire x1="351.79" y1="30.48" x2="351.79" y2="55.88" width="0" layer="91"/><wire x1="31.75" y1="30.48" x2="375.92" y2="30.48" width="0" layer="91"/><wire x1="31.75" y1="45.72" x2="31.75" y2="30.48" width="0" layer="91"/><wire x1="57.15" y1="71.12" x2="57.15" y2="30.48" width="0" layer="91"/><wire x1="128.27" y1="71.12" x2="128.27" y2="30.48" width="0" layer="91"/><wire x1="157.48" y1="49.53" x2="157.48" y2="30.48" width="0" layer="91"/><wire x1="182.88" y1="38.1" x2="182.88" y2="30.48" width="0" layer="91"/><wire x1="207.01" y1="54.61" x2="207.01" y2="30.48" width="0" layer="91"/><wire x1="217.17" y1="54.61" x2="217.17" y2="30.48" width="0" layer="91"/><wire x1="241.3" y1="43.18" x2="241.3" y2="30.48" width="0" layer="91"/><wire x1="269.24" y1="53.34" x2="269.24" y2="30.48" width="0" layer="91"/><wire x1="298.45" y1="53.34" x2="298.45" y2="30.48" width="0" layer="91"/><wire x1="327.66" y1="68.58" x2="327.66" y2="30.48" width="0" layer="91"/><wire x1="375.92" y1="30.48" x2="375.92" y2="45.72" width="0" layer="91"/><wire x1="375.92" y1="45.72" x2="378.46" y2="45.72" width="0" layer="91"/><wire x1="29.21" y1="45.72" x2="31.75" y2="45.72" width="0" layer="91"/><wire x1="29.21" y1="45.72" x2="29.21" y2="73.66" width="0" layer="91"/><wire x1="378.46" y1="45.72" x2="378.46" y2="58.42" width="0" layer="91"/><wire x1="57.15" y1="71.12" x2="92.71" y2="71.12" width="0" layer="91"/></segment></net><net name="4" class="0"><segment><pinref part="Ccomp2" pin="2@2" gate="1"/><pinref part="Rcomp" pin="2@2" gate="1"/><pinref part="U1" pin="COMP@9" gate="1"/><wire x1="241.3" y1="58.42" x2="241.3" y2="73.66" width="0" layer="91"/><wire x1="245.11" y1="73.66" x2="234.95" y2="73.66" width="0" layer="91"/></segment></net><net name="1" class="0"><segment><pinref part="Cin" pin="1@1" gate="1"/><pinref part="Cinx" pin="1@1" gate="1"/><pinref part="L1" pin="2@2" gate="1"/><pinref part="U1" pin="VIN@4" gate="1"/><pinref part="U1" pin="EN@5" gate="1"/><pinref part="Vin" pin="+@1" gate="1"/><pinref part="Cin_2" pin="1@1" gate="1"/><pinref part="Cin_3" pin="1@1" gate="1"/><wire x1="57.15" y1="86.36" x2="57.15" y2="101.6" width="0" layer="91"/><wire x1="128.27" y1="86.36" x2="128.27" y2="101.6" width="0" layer="91"/><wire x1="199.39" y1="81.28" x2="199.39" y2="101.6" width="0" layer="91"/><wire x1="29.21" y1="101.6" x2="222.25" y2="101.6" width="0" layer="91"/><wire x1="29.21" y1="88.9" x2="29.21" y2="101.6" width="0" layer="91"/><wire x1="57.15" y1="86.36" x2="92.71" y2="86.36" width="0" layer="91"/></segment></net><net name="8" class="0"><segment><pinref part="Cout" pin="1@1" gate="1"/><pinref part="D1" pin="K@3" gate="1"/><pinref part="Rfbt" pin="1@1" gate="1"/><pinref part="Coutx" pin="1@1" gate="1"/><pinref part="Iout" pin="+@1" gate="1"/><wire x1="351.79" y1="71.12" x2="351.79" y2="101.6" width="0" layer="91"/><wire x1="298.45" y1="99.06" x2="298.45" y2="101.6" width="0" layer="91"/><wire x1="327.66" y1="83.82" x2="327.66" y2="101.6" width="0" layer="91"/><wire x1="287.02" y1="101.6" x2="378.46" y2="101.6" width="0" layer="91"/><wire x1="378.46" y1="73.66" x2="378.46" y2="101.6" width="0" layer="91"/></segment></net><net name="3" class="0"><segment><pinref part="Css" pin="1@1" gate="1"/><pinref part="U1" pin="SS@6" gate="1"/><wire x1="182.88" y1="63.5" x2="182.88" y2="53.34" width="0" layer="91"/><wire x1="199.39" y1="63.5" x2="182.88" y2="63.5" width="0" layer="91"/></segment></net><net name="5" class="0"><segment><pinref part="D1" pin="A@1" gate="1"/><pinref part="D1" pin="A@2" gate="1"/><pinref part="L1" pin="1@1" gate="1"/><pinref part="U1" pin="SW@1" gate="1"/><pinref part="U1" pin="SW@2" gate="1"/><pinref part="U1" pin="SW@3" gate="1"/><wire x1="250.19" y1="86.36" x2="234.95" y2="86.36" width="0" layer="91"/><wire x1="237.49" y1="101.6" x2="271.78" y2="101.6" width="0" layer="91"/><wire x1="250.19" y1="86.36" x2="250.19" y2="101.6" width="0" layer="91"/></segment></net><net name="7" class="0"><segment><pinref part="Rfbb" pin="1@1" gate="1"/><pinref part="Rfbt" pin="2@2" gate="1"/><pinref part="U1" pin="FB@10" gate="1"/><wire x1="234.95" y1="81.28" x2="298.45" y2="81.28" width="0" layer="91"/><wire x1="298.45" y1="68.58" x2="298.45" y2="83.82" width="0" layer="91"/></segment></net><net name="2" class="0"><segment><pinref part="Rt" pin="1@1" gate="1"/><pinref part="U1" pin="FREQ@11" gate="1"/><wire x1="157.48" y1="64.77" x2="157.48" y2="76.2" width="0" layer="91"/><wire x1="199.39" y1="76.2" x2="157.48" y2="76.2" width="0" layer="91"/></segment></net></nets></sheet></sheets></schematic></drawing></eagle>
