<eagle version="6.1"><drawing><settings><setting alwaysvectorfont="no" verticaltext="up"/></settings><grid distance="0.1" unitdist="inch" unit="inch" style="lines" multiple="1" display="no" altdistance="0.01" altunitdist="inch" altunit="inch"/><layers><layer number="91" name="Nets" color="2" fill="1" visible="yes" active="yes"/><layer number="92" name="Busses" color="1" fill="1" visible="yes" active="yes"/><layer number="93" name="Pins" color="2" fill="1" visible="no" active="yes"/><layer number="94" name="Symbols" color="4" fill="1" visible="yes" active="yes"/><layer number="95" name="Names" color="7" fill="1" visible="yes" active="yes"/><layer number="96" name="Values" color="7" fill="1" visible="yes" active="yes"/><layer number="97" name="Info" color="7" fill="1" visible="yes" active="yes"/><layer number="98" name="Guide" color="6" fill="1" visible="yes" active="yes"/></layers><schematic><libraries><library name="AcceleratedDesigns_Lib"><packages><package name="0201"><pad name="1" drill="0" y="0" x="-0.2921"/><pad name="2" drill="0" y="0" x="0.2921"/></package><package name="0402"><pad name="1" drill="0" y="0" x="-0.4191"/><pad name="2" drill="0" y="0" x="0.4191"/></package><package name="R-PDSO-G5"><pad name="1" drill="0" y="0.95" x="-1.225"/><pad name="2" drill="0" y="0" x="-1.225"/><pad name="3" drill="0" y="-0.95" x="-1.225"/><pad name="4" drill="0" y="-0.95" x="1.225"/><pad name="5" drill="0" y="0.95" x="1.225"/></package><package name="WB_GND"><pad name="1" drill="0" y="0" x="0"/></package><package name="WB_BATTERY"><pad name="1" drill="0" y="0" x="0"/><pad name="2" drill="0" y="0" x="0"/></package><package name="WB_CURRENT_LOAD"><pad name="1" drill="0" y="0" x="0"/><pad name="2" drill="0" y="0" x="0"/></package></packages><symbols><symbol name="GRM033R70J103KA01D@1"><pin name="1@1" x="7.62" y="0" rot="MR0" direction="pas" length="short" visible="off" swaplevel="0"/><pin name="2@2" x="-7.62" y="0" rot="MR180" direction="pas" length="short" visible="off" swaplevel="0"/><wire x1="7.62" y1="0" x2="5.08" y2="0" width="0.1524" layer="94"/><wire x1="-7.62" y1="0" x2="-5.08" y2="0" width="0.1524" layer="94"/><wire x1="0.762" y1="-3.048" x2="0.762" y2="3.048" width="0.1524" layer="94"/><wire x1="-5.08" y1="0" x2="-0.762" y2="0" width="0.1524" layer="94"/><wire x1="0.762" y1="0" x2="5.08" y2="0" width="0.1524" layer="94"/><wire x1="-0.762" y1="-3.048" x2="-0.762" y2="3.048" width="0.1524" layer="94"/><text size="2" x="0" y="7.62" layer="95" align="center">&gt;NAME</text><text size="2" x="0" y="5.08" layer="96" align="center">&gt;VALUE</text></symbol><symbol name="JMK105BJ225MV-F@1"><pin name="1@1" x="7.62" y="0" rot="MR0" direction="pas" length="short" visible="off" swaplevel="0"/><pin name="2@2" x="-7.62" y="0" rot="MR180" direction="pas" length="short" visible="off" swaplevel="0"/><wire x1="7.62" y1="0" x2="5.08" y2="0" width="0.1524" layer="94"/><wire x1="-7.62" y1="0" x2="-5.08" y2="0" width="0.1524" layer="94"/><wire x1="0.762" y1="-3.048" x2="0.762" y2="3.048" width="0.1524" layer="94"/><wire x1="-5.08" y1="0" x2="-0.762" y2="0" width="0.1524" layer="94"/><wire x1="0.762" y1="0" x2="5.08" y2="0" width="0.1524" layer="94"/><wire x1="-0.762" y1="-3.048" x2="-0.762" y2="3.048" width="0.1524" layer="94"/><text size="2" x="0" y="7.62" layer="95" align="center">&gt;NAME</text><text size="2" x="0" y="5.08" layer="96" align="center">&gt;VALUE</text></symbol><symbol name="WB_GND@1"><pin name="1@1" x="0" y="2.54" rot="MR270" direction="pas" length="short" visible="off" swaplevel="0"/><wire x1="0" y1="2.54" x2="0" y2="0" width="0.1524" layer="94"/><wire x1="-3.302" y1="0" x2="3.302" y2="0" width="0.1524" layer="94"/><wire x1="-2.286" y1="-1.016" x2="2.286" y2="-1.016" width="0.1524" layer="94"/><wire x1="-0.762" y1="-2.032" x2="0.762" y2="-2.032" width="0.1524" layer="94"/></symbol><symbol name="TPS79933DDCR@1"><pin name="IN@1" x="-15.24" y="15.24" rot="MR180" direction="pas" length="short" visible="both" swaplevel="0"/><pin name="EN@2" x="-15.24" y="-15.24" rot="MR180" direction="pas" length="short" visible="both" swaplevel="0"/><pin name="GND@3" x="0" y="-22.86" rot="MR90" direction="pas" length="short" visible="both" swaplevel="0"/><pin name="NR@4" x="15.24" y="-10.16" rot="MR0" direction="pas" length="short" visible="both" swaplevel="0"/><pin name="OUT@5" x="15.24" y="15.24" rot="MR0" direction="pas" length="short" visible="both" swaplevel="0"/><wire x1="-12.7" y1="20.32" x2="12.7" y2="20.32" width="0.1524" layer="94"/><wire x1="12.7" y1="20.32" x2="12.7" y2="-20.32" width="0.1524" layer="94"/><wire x1="12.7" y1="-20.32" x2="-12.7" y2="-20.32" width="0.1524" layer="94"/><wire x1="-12.7" y1="-20.32" x2="-12.7" y2="20.32" width="0.1524" layer="94"/><wire x1="-15.24" y1="15.24" x2="-12.7" y2="15.24" width="0.1524" layer="94"/><wire x1="-15.24" y1="-15.24" x2="-12.7" y2="-15.24" width="0.1524" layer="94"/><wire x1="0" y1="-22.86" x2="0" y2="-20.32" width="0.1524" layer="94"/><wire x1="15.24" y1="-10.16" x2="12.7" y2="-10.16" width="0.1524" layer="94"/><wire x1="15.24" y1="15.24" x2="12.7" y2="15.24" width="0.1524" layer="94"/><text size="2" x="0.250634792626728" y="3.8208857142857" layer="95" align="center">&gt;NAME</text><text size="2" x="0.167089861751152" y="-4.28297258064515" layer="96" align="center">&gt;VALUE</text></symbol><symbol name="WB_BATTERY@1"><pin name="+@1" x="-7.62" y="0" rot="MR180" direction="pas" length="short" visible="off" swaplevel="0"/><pin name="-@2" x="7.62" y="0" rot="MR0" direction="pas" length="short" visible="off" swaplevel="0"/><wire x1="-2.032" y1="0" x2="-7.62" y2="0" width="0.1524" layer="94"/><wire x1="-1.778" y1="-3.048" x2="-1.778" y2="3.048" width="0.1524" layer="94"/><wire x1="1.016" y1="-3.048" x2="1.016" y2="3.048" width="0.1524" layer="94"/><wire x1="7.62" y1="0" x2="2.794" y2="0" width="0.1524" layer="94"/><wire x1="-0.508" y1="-1.27" x2="-0.508" y2="1.27" width="0.1524" layer="94"/><wire x1="-0.254" y1="-1.27" x2="-0.254" y2="1.27" width="0.1524" layer="94"/><wire x1="-3.556" y1="2.286" x2="-3.556" y2="3.81" width="0.1524" layer="94"/><wire x1="-2.794" y1="3.048" x2="-4.318" y2="3.048" width="0.1524" layer="94"/><wire x1="3.302" y1="2.54" x2="3.302" y2="3.81" width="0.1524" layer="94"/><wire x1="2.54" y1="-1.27" x2="2.54" y2="1.27" width="0.1524" layer="94"/><wire x1="2.286" y1="-1.27" x2="2.286" y2="1.27" width="0.1524" layer="94"/><text size="2" x="0" y="5.08" layer="95" align="center">&gt;NAME</text></symbol><symbol name="WB_CURRENT_LOAD@1"><pin name="+@1" x="-7.62" y="0" rot="MR180" direction="pas" length="short" visible="off" swaplevel="0"/><pin name="-@2" x="7.62" y="0" rot="MR0" direction="pas" length="short" visible="off" swaplevel="0"/><wire cap="round" x1="-3.80144541893069" y1="6.11111003035226E-05" x2="-2.68631595182662" y2="-2.68638598005626" layer="94" curve="44.25835" width="0.1524"/><wire cap="round" x1="-2.7008340002096" y1="-2.70084492188432" x2="-3.010245531766E-05" y2="-3.82193519093877" layer="94" curve="44.8182" width="0.1524"/><wire cap="round" x1="-1.47901228405671E-05" y1="-3.81607473385618" x2="2.69671339012067" y2="-2.69667753776659" layer="94" curve="45.38076" width="0.1524"/><wire cap="round" x1="2.69020543466835" y1="-2.69018253944063" x2="3.80688023502889" y2="-1.58895406142942E-05" layer="94" curve="45.58721" width="0.1524"/><wire cap="round" x1="3.80144542387741" y1="-6.17958751984642E-05" x2="2.68631643327033" y2="2.68638549307261" layer="94" curve="44.25835" width="0.1524"/><wire cap="round" x1="2.70083237377049" y1="2.70084654561062" x2="2.78042467919214E-05" y2="3.82193519631281" layer="94" curve="44.8182" width="0.1524"/><wire cap="round" x1="1.57980194586995E-05" y1="3.81607473126472" x2="-2.69671268033746" y2="2.69667825335733" layer="94" curve="45.38076" width="0.1524"/><wire cap="round" x1="-2.69020543466835" y1="2.69018253944063" x2="-3.80688023502889" y2="1.58895406171733E-05" layer="94" curve="45.58721" width="0.1524"/><wire x1="7.62" y1="0" x2="3.81" y2="0" width="0.1524" layer="94"/><wire x1="-3.81" y1="0" x2="-7.62" y2="0" width="0.1524" layer="94"/><wire x1="0.762" y1="-1.778" x2="3.048" y2="0" width="0.1524" layer="94"/><wire x1="0.762" y1="1.778" x2="3.048" y2="0" width="0.1524" layer="94"/><wire x1="3.048" y1="0" x2="-3.048" y2="0" width="0.1524" layer="94"/></symbol></symbols><devicesets><deviceset name="GRM033R70J103KA01D" prefix=""><gates><gate name="1" addlevel="always" y="0" x="0" symbol="GRM033R70J103KA01D@1"/></gates><devices><device name="GRM033R70J103KA01D" package="0201"><connects><connect pad="1" pin="1@1" gate="1"/><connect pad="2" pin="2@2" gate="1"/></connects><technologies><technology name=""><attribute name="Cap" value="1.0E-8" constant="no"/><attribute name="ESR" value="0.0" constant="no"/><attribute name="IRMS" value="0.0" constant="no"/><attribute name="VDC" value="6.3" constant="no"/><attribute name="Manufacturer_Part_Number" value="GRM033R70J103KA01D" constant="no"/><attribute name="Vendor" value="MuRata" constant="no"/><attribute name="Manufacturer_Name" value="MuRata" constant="no"/></technology></technologies></device></devices></deviceset><deviceset name="JMK105BJ225MV-F" prefix=""><gates><gate name="1" addlevel="always" y="0" x="0" symbol="JMK105BJ225MV-F@1"/></gates><devices><device name="JMK105BJ225MV-F" package="0402"><connects><connect pad="1" pin="1@1" gate="1"/><connect pad="2" pin="2@2" gate="1"/></connects><technologies><technology name=""><attribute name="Datasheet_URL" value="http://www.yuden.co.jp/productdata/catalog/en/mlcc01%5Fe.pdf" constant="no"/><attribute name="Cap" value="2.2E-6" constant="no"/><attribute name="ESR" value="0.00152" constant="no"/><attribute name="IRMS" value="0.0" constant="no"/><attribute name="VDC" value="6.3" constant="no"/><attribute name="Manufacturer_Part_Number" value="JMK105BJ225MV-F" constant="no"/><attribute name="Vendor" value="Taiyo Yuden" constant="no"/><attribute name="Manufacturer_Name" value="Taiyo Yuden" constant="no"/></technology></technologies></device></devices></deviceset><deviceset name="WB_GND" prefix=""><gates><gate name="1" addlevel="always" y="0" x="0" symbol="WB_GND@1"/></gates><devices><device name="WB_GND" package="WB_GND"><connects><connect pad="1" pin="1@1" gate="1"/></connects><technologies><technology name=""><attribute name="Value" value="Value" constant="no"/><attribute name="Manufacturer_Part_Number" value="WB_GND" constant="no"/><attribute name="Manufacturer_Name" value="WB_GND" constant="no"/><attribute name="PowerPortType" value="POWER_GROUND" constant="no"/></technology></technologies></device></devices></deviceset><deviceset name="TPS79933DDCR" prefix="U"><gates><gate name="1" addlevel="always" y="0" x="0" symbol="TPS79933DDCR@1"/></gates><devices><device name="TPS79933DDCR" package="R-PDSO-G5"><connects><connect pad="1" pin="IN@1" gate="1"/><connect pad="3" pin="EN@2" gate="1"/><connect pad="2" pin="GND@3" gate="1"/><connect pad="4" pin="NR@4" gate="1"/><connect pad="5" pin="OUT@5" gate="1"/></connects><technologies><technology name=""><attribute name="Datasheet_URL" value="http://www.ti.com/product/tps79913" constant="no"/><attribute name="Frequency" value="0.0" constant="no"/><attribute name="Imax" value="0.2" constant="no"/><attribute name="Package" value="" constant="no"/><attribute name="Mktg_Package" value="NA" constant="no"/><attribute name="NSID" value="TPS79913DDCR" constant="no"/><attribute name="Manufacturer_Part_Number" value="TPS79913DDCR" constant="no"/><attribute name="Vendor" value="Texas Instruments" constant="no"/><attribute name="Manufacturer_Name" value="Texas Instruments" constant="no"/></technology></technologies></device></devices></deviceset><deviceset name="WB_BATTERY" prefix=""><gates><gate name="1" addlevel="always" y="0" x="0" symbol="WB_BATTERY@1"/></gates><devices><device name="WB_BATTERY" package="WB_BATTERY"><connects><connect pad="1" pin="+@1" gate="1"/><connect pad="2" pin="-@2" gate="1"/></connects><technologies><technology name=""><attribute name="Value" value="Value" constant="no"/><attribute name="Manufacturer_Part_Number" value="WB_BATTERY" constant="no"/><attribute name="Manufacturer_Name" value="WB_BATTERY" constant="no"/><attribute name="PowerPortType" value="POWER_GROUND" constant="no"/></technology></technologies></device></devices></deviceset><deviceset name="WB_CURRENT_LOAD" prefix=""><gates><gate name="1" addlevel="always" y="0" x="0" symbol="WB_CURRENT_LOAD@1"/></gates><devices><device name="WB_CURRENT_LOAD" package="WB_CURRENT_LOAD"><connects><connect pad="1" pin="+@1" gate="1"/><connect pad="2" pin="-@2" gate="1"/></connects><technologies><technology name=""><attribute name="Value" value="Value" constant="no"/><attribute name="Manufacturer_Part_Number" value="WB_CURRENT_LOAD" constant="no"/><attribute name="Manufacturer_Name" value="WB_CURRENT_LOAD" constant="no"/><attribute name="PowerPortType" value="POWER_GROUND" constant="no"/></technology></technologies></device></devices></deviceset></devicesets></library></libraries><attributes/><variantdefs/><classes><class number="0" name="default" width="0" drill="0"/></classes><parts><part name="CNR" library="AcceleratedDesigns_Lib" device="GRM033R70J103KA01D" deviceset="GRM033R70J103KA01D" value="10nF"/><part name="COUT" library="AcceleratedDesigns_Lib" device="JMK105BJ225MV-F" deviceset="JMK105BJ225MV-F" value="2.2uF"/><part name="GND" library="AcceleratedDesigns_Lib" device="WB_GND" deviceset="WB_GND" value="WB_GND"/><part name="U1" library="AcceleratedDesigns_Lib" device="TPS79933DDCR" deviceset="TPS79933DDCR" value="TPS79933DDCR"/><part name="VIN" library="AcceleratedDesigns_Lib" device="WB_BATTERY" deviceset="WB_BATTERY" value="WB_BATTERY"/><part name="IOUT" library="AcceleratedDesigns_Lib" device="WB_CURRENT_LOAD" deviceset="WB_CURRENT_LOAD" value="WB_CURRENT_LOAD"/></parts><sheets><sheet><plain/><instances><instance part="Cnr" gate="1" x="107.95" y="43.18" rot="R270" smashed="yes"><attribute name="NAME" x="110.998" y="47.498" size="2" layer="95" rot="R0" align="bottom-left"/><attribute name="VALUE" x="110.998" y="42.926" size="2" layer="96" rot="R0" align="bottom-left"/></instance><instance part="Cout" gate="1" x="130.81" y="66.04" rot="R90" smashed="yes"><attribute name="NAME" x="133.858" y="70.358" size="2" layer="95" rot="R0" align="bottom-left"/><attribute name="VALUE" x="133.858" y="65.786" size="2" layer="96" rot="R0" align="bottom-left"/></instance><instance part="GND" gate="1" x="90.17" y="27.94" rot="R0" smashed="yes"><attribute name="NAME" x="90.17" y="33.528" size="2" layer="95" display="off" rot="R0" align="bottom-center"/></instance><instance part="U1" gate="1" x="87.63" y="71.12" rot="R0" smashed="yes"><attribute name="NAME" x="87.63" y="71.12" size="2" layer="95" rot="R0" align="bottom-center"/><attribute name="TYPE" x="87.63" y="67.31" size="2" layer="96" rot="R0" align="bottom-center"/></instance><instance part="Vin" gate="1" x="29.21" y="66.04" rot="R270" smashed="yes"><attribute name="NAME" x="33.02" y="71.12" size="2" layer="95" rot="R0" align="bottom-left"/></instance><instance part="Iout" gate="1" x="146.05" y="50.8" rot="R270" smashed="yes"><attribute name="NAME" x="150.114" y="56.134" size="2" layer="95" rot="R0" align="bottom-left"/></instance></instances><busses/><nets><net name="0" class="0"><segment><pinref part="Cnr" pin="1@1" gate="1"/><pinref part="Cout" pin="2@2" gate="1"/><pinref part="GND" pin="1@1" gate="1"/><pinref part="U1" pin="GND@3" gate="1"/><pinref part="Vin" pin="-@2" gate="1"/><pinref part="Iout" pin="-@2" gate="1"/><wire x1="87.63" y1="30.48" x2="87.63" y2="48.26" width="0" layer="91"/><wire x1="107.95" y1="35.56" x2="107.95" y2="30.48" width="0" layer="91"/><wire x1="130.81" y1="58.42" x2="130.81" y2="30.48" width="0" layer="91"/><wire x1="29.21" y1="30.48" x2="146.05" y2="30.48" width="0" layer="91"/><wire x1="29.21" y1="30.48" x2="29.21" y2="58.42" width="0" layer="91"/><wire x1="146.05" y1="30.48" x2="146.05" y2="43.18" width="0" layer="91"/></segment></net><net name="2" class="0"><segment><pinref part="Cnr" pin="2@2" gate="1"/><pinref part="U1" pin="NR@4" gate="1"/><wire x1="107.95" y1="60.96" x2="102.87" y2="60.96" width="0" layer="91"/><wire x1="107.95" y1="60.96" x2="107.95" y2="50.8" width="0" layer="91"/></segment></net><net name="3" class="0"><segment><pinref part="Cout" pin="1@1" gate="1"/><pinref part="U1" pin="OUT@5" gate="1"/><pinref part="Iout" pin="+@1" gate="1"/><wire x1="130.81" y1="73.66" x2="130.81" y2="86.36" width="0" layer="91"/><wire x1="102.87" y1="86.36" x2="146.05" y2="86.36" width="0" layer="91"/><wire x1="146.05" y1="58.42" x2="146.05" y2="86.36" width="0" layer="91"/></segment></net><net name="1" class="0"><segment><pinref part="U1" pin="IN@1" gate="1"/><pinref part="U1" pin="EN@2" gate="1"/><pinref part="Vin" pin="+@1" gate="1"/><wire x1="64.77" y1="55.88" x2="64.77" y2="86.36" width="0" layer="91"/><wire x1="72.39" y1="55.88" x2="64.77" y2="55.88" width="0" layer="91"/><wire x1="29.21" y1="86.36" x2="72.39" y2="86.36" width="0" layer="91"/><wire x1="29.21" y1="73.66" x2="29.21" y2="86.36" width="0" layer="91"/></segment></net></nets></sheet></sheets></schematic></drawing></eagle>
